Nom,Lien de l'image,Prix
apple iphone 13 pro max 128 go,https://www.ivoiremobiles.net/20425-home_default/apple-iphone-13-pro-max.jpg,779900
apple iphone 13 pro max 256 go,https://www.ivoiremobiles.net/17900-home_default/apple-iphone-13-pro-max-256-go.jpg,859900
apple iphone 15 pro 128 go,https://www.ivoiremobiles.net/25766-home_default/apple-iphone-15-pro-128-go.jpg,619900
apple iphone 15 pro max 256 go,https://www.ivoiremobiles.net/25802-home_default/apple-iphone-15-pro-max-256-go.jpg,759900
apple iphone 15 128 go,https://www.ivoiremobiles.net/25726-home_default/apple-iphone-15-128-go.jpg,469900
apple iphone 15 plus 128 go,https://www.ivoiremobiles.net/26084-home_default/apple-iphone-15-plus-256-go.jpg,629900
apple iphone 11 pro,https://www.ivoiremobiles.net/23763-home_default/apple-iphone-11-pro-64-go.jpg,329900
apple iphone 7,https://www.ivoiremobiles.net/15882-home_default/apple-iphone-7.jpg,89900
apple iphone 13 256 go,https://www.ivoiremobiles.net/20423-home_default/apple-iphone-13-256-go.jpg,589900
apple iphone 13 mini,https://www.ivoiremobiles.net/25588-home_default/apple-iphone-13-mini.jpg,429900
apple iphone 12 pro max,https://www.ivoiremobiles.net/23933-home_default/apple-iphone-12-pro-max-128-go.jpg,549900
apple iphone 12 pro max 256 go,https://www.ivoiremobiles.net/23769-home_default/apple-iphone-12-pro-max-256-go.jpg,599900
apple iphone 12 pro,https://www.ivoiremobiles.net/23766-home_default/apple-iphone-12-pro.jpg,489900
apple iphone 12 pro 256 go,https://www.ivoiremobiles.net/23767-home_default/apple-iphone-12-pro-256-go.jpg,509900
apple iphone x 64 go,https://www.ivoiremobiles.net/15887-home_default/apple-iphone-x-64-go.jpg,169900
apple iphone 11,https://www.ivoiremobiles.net/17965-home_default/apple-iphone-11-64-go.jpg,269900
apple iphone se 2022,https://www.ivoiremobiles.net/25587-home_default/apple-iphone-se-2022-128-go.jpg,289900
apple iphone 12 mini,https://www.ivoiremobiles.net/15987-home_default/apple-iphone-12-mini.jpg,329900
apple iphone 12,https://www.ivoiremobiles.net/25959-home_default/apple-iphone-12-64-go.jpg,339900
apple iphone 12 64 go,https://www.ivoiremobiles.net/20419-home_default/apple-iphone-12-64-go.jpg,289900
apple iphone xs max,https://www.ivoiremobiles.net/17976-home_default/apple-iphone-xs-max-64-go.jpg,229900
apple iphone 14,https://www.ivoiremobiles.net/23481-home_default/apple-iphone-14.jpg,429900
apple iphone 14 plus,https://www.ivoiremobiles.net/26010-home_default/apple-iphone-14-plus-128-go.jpg,459900
apple iphone 8 64 go,https://www.ivoiremobiles.net/15885-home_default/apple-iphone-8-64-go.jpg,124900
apple iphone 14 pro 128 go,https://www.ivoiremobiles.net/23502-home_default/apple-iphone-14-pro-128-go.jpg,909900
apple iphone 14 pro max 128 go,https://www.ivoiremobiles.net/23932-home_default/apple-iphone-14-pro-max-128-go.jpg,1119900
apple iphone 14 pro 256 go,https://www.ivoiremobiles.net/23503-home_default/apple-iphone-14-pro-256-go.jpg,1059900
apple iphone se 2020,https://www.ivoiremobiles.net/21347-home_default/apple-iphone-se-2020-128-go.jpg,289900
apple iphone se,https://www.ivoiremobiles.net/12959-home_default/apple-iphone-se.jpg,239900
apple iphone se gris sid√©ral 16 go,https://www.ivoiremobiles.net/12960-home_default/apple-iphone-se.jpg,309900
apple iphone xr 128 go,https://www.ivoiremobiles.net/20930-home_default/apple-iphone-xr-128-go.jpg,209900
apple iphone 6s 16 go,https://www.ivoiremobiles.net/20408-home_default/apple-iphone-6s-16-go.jpg,99900
apple iphone 6s 32 go,https://www.ivoiremobiles.net/14761-home_default/apple-iphone-6s-16-go.jpg,109900
apple iphone 5s 16 go,https://www.ivoiremobiles.net/18524-home_default/apple-iphone-5s-16-go.jpg,64900
apple iphone 5c,https://www.ivoiremobiles.net/12903-home_default/apple-iphone-se.jpg,64900
